id,url,score,title,body,top_comment1,top_comment2,top_comment3,top_comment4,top_comment5,date
2rb2nk,http://www.fpi-tunisie.com/,1,Residence yasmina immobilier Djerba,,,,,,,2015-01-04 16:07:21
2rqb92,http://www.reddit.com/r/Tunisia/comments/2rqb92/what_would_be_equivalent_names_to_john_smith_in/,3,"What would be equivalent name(s) to ""John Smith"" in Tunisia? (Inspired from a thread i've seen on our Algerian friends' sub /r/Algeria)",I'd say Ali Ben Salah?,,,,,,2015-01-08 09:58:31
2rzhoh,http://www.reddit.com/r/Tunisia/comments/2rzhoh/hey_compatriots_how_are_you_doing/,6,"Hey compatriots, how are you doing?","i'm having first session exams in Monastir Med school and i'm really tired but it's ok , hope you are doing well :)",,,,,,2015-01-10 19:03:27
2s40bp,http://ilooooooooveyou.blogspot.com/2013/03/blog-post_26.html,1,I love you - Ø£Ø­Ø¨Ùƒ,,,,,,,2015-01-12 00:10:52
2s8sbp,http://www.reddit.com/r/Tunisia/comments/2s8sbp/tunisian_internet_warriors_unite_for_their_right/,3,tunisian internet warriors unite for their right to get paypale (event in description ),"https://www.facebook.com/pages/Winou-Paypal/365012450345683?notif_t=fbpage_fan_invite 

will any redditors be there ? ",,,,,,2015-01-13 03:45:23
2s9q08,http://www.reddit.com/r/Tunisia/comments/2s9q08/buying_a_used_motorcycle_in_tunisia/,1,Buying a used motorcycle in Tunisia,"Hello y'all, 

I am coming to Tunisia in February and want to buy a motorcycle to ride to Libya where I am working for the rest of the year. 

Is there a place where people go to sell their used cars and or motorbikes? 


Thanks!",,,,,,2015-01-13 10:45:12
2sglym,http://www.reddit.com/r/Tunisia/comments/2sglym/bank_account_questions/,1,Bank account questions...,"In Tunisia do you have to pay to have a bank account, like a monthly fee or anything?",,,,,,2015-01-15 00:18:53
2sj0yp,http://www.riyadhvision.com/2015/01/15/tunisia-arrests-3-europeans-record-drugs-haul-yacht/,1,Tunisia arrests 3 Europeans in record drugs haul on yacht,,,,,,,2015-01-15 16:40:15
2sty4i,http://intlinterest.com/2015/01/17/a-week-with-the-presidential-candidate/,1,A week with the Presidential candidate,,,,,,,2015-01-18 14:26:22
2sx5i0,http://www.reddit.com/r/Tunisia/comments/2sx5i0/asslema_forum_is_back_in_action/,2,Asslema forum is back in action,"This was one of the best forums when forums were cool, and it's now back in action since weeks ago, so if you're an old member this could be a big news.

[Link](http://www.asslema.com/)",,,,,,2015-01-19 09:17:32
2tfaoo,http://www.reddit.com/r/Tunisia/comments/2tfaoo/hey_fellow_countrymen_and_countrywomen_im_having/,5,"Hey fellow countrymen and countrywomen , I'm having this interesting artistic idea which I thought will be appreciated by redditors.","as a new fun of vintage culture/style , i though it'll be realy original and intresting creating a subreddit or maybe just post here pictures of tunisian vintage lifestyle , how would you like it dear friends ? ",,,,,,2015-01-23 17:59:47
2to1dq,http://stellakaye.hubpages.com/hub/Hammamet_holidays,1,Hammamet - Tunisia's 'garden resort',,,,,,,2015-01-26 00:11:27
2tpl2m,http://www.riyadhvision.com/2015/01/26/tunisian-islamists-reject-new-government-ahead-vote/,1,Tunisian Islamists reject new government ahead of vote,,,,,,,2015-01-26 10:52:00
2ub1n2,http://www.reddit.com/r/Tunisia/comments/2ub1n2/hey_guys_i_think_we_need_an_english_speaking_tv/,5,"hey guys , i think we need an English speaking tv channel or website broadcasting from Tunisia , what do you think ?",,,,,,,2015-01-31 14:33:45
2uj190,http://www.reddit.com/r/Tunisia/comments/2uj190/is_kath_legal_in_tunisia/,3,Is kath legal in Tunisia?,I'm planning on making a trip to Tunisia and would like to know.,,,,,,2015-02-02 16:23:19
2vbmra,http://www.al-monitor.com/pulse/originals/2015/02/tunisia-free-arab-judiciary-political-challenges.html?utm_source=Al-Monitor+Newsletter+%5BEnglish%5D&amp;utm_campaign=79a7bf9ea0-February_9_2015&amp;utm_medium=email&amp;utm_term=0_28264b27a0-79a7bf9ea0-102452469,9,Report designates Tunisia the first 'free' Arab country in decades,,,,,,,2015-02-09 18:15:35
2vra4y,http://www.liposuccion-tunisie.fr/,1,liposuccion tunisie,,,,,,,2015-02-13 11:46:17
2vt29d,http://www.reddit.com/r/Tunisia/comments/2vt29d/what_is_going_in_tunisia_with_these_student/,6,What is going in Tunisia with these student protests and the uni being closed at the moment?,Anyone know what is going on?,,,,,,2015-02-13 21:19:06
2wqky9,https://www.youtube.com/watch?v=MWCcWKKS5zI,3,Radical new music from Tunisia [HQ] buzz,,,,,,,2015-02-22 06:13:32
2ws37m,http://www.reddit.com/r/Tunisia/comments/2ws37m/hey_any_tunisian_girl_want_to_date/,0,"Hey , any tunisian girl want to date ?",Sahel region especially ,,,,,,2015-02-22 18:15:04
2x8qtd,http://www.reddit.com/r/Tunisia/comments/2x8qtd/travelling_to_tunisia_for_a_week_in_june_but_cant/,6,Travelling to Tunisia for a week in June (but can't wait) - what should I know about you? (Funny or serious advice are both welcome.),"Hi,

I'm from Hungary, but I have always wanted to visit an Arab country in my whole life, and it seems Tunisia will be the first, yay! I'm not really interested in any of the tourist stuffs, if I could freely choose I would just spend a week in an Arab village and talk to locals. I'm usually more interested in cultural stuffs and especially how local people live their lives when there are not tourists around, but I'm travelling with my girlfriend so I will mostly do the regular stuff.

I like to be prepared, reading a lot about the place where I go but before I start, I thought it would be a good idea just to ask here. So what are the do's and don't do's? Also, if you could write some polite phrases in Tunisian Arab (like welcoming someone), I'd grateful for that, too. 

Thanks in advance!",,,,,,2015-02-26 15:59:29
2xu81n,https://www.facebook.com/tdn.tn,1,Tunisian Developers Network,,,,,,,2015-03-03 22:34:21
2y6bb0,http://www.reddit.com/r/Tunisia/comments/2y6bb0/im_applying_for_a_summer_internship_in_tunis_and/,2,"I'm applying for a summer internship in Tunis, and I need advice!","Hi!

I'm Portuguese and I'm applying for a internship in webdesign in Tunis. The payment is 320 TND/Month, and the work hours are 6h work/day, so I guess I will have a lot of time to explore.

My questions are basically:

* is the payment is enough for a month?

* what is the average cost of living/lodging?

* what should I expect from the natives (mindset/culture)?

* how are foreigners treated?

* how high is the criminality?

* how is Tunis during the summer?

* do I have to get some kind of vaccination?

Any other important topics that I didn't mention are welcome too!

Thanks

Edit: Thank you guys. Feel free to come to /r/portugal to talk about bacalhau, debt and such",,,,,,2015-03-06 21:05:48
2y91xw,http://www.reddit.com/r/Tunisia/comments/2y91xw/to_try_to_get_some_more_activity_going_what_are/,2,To try to get some more activity going - What are your plans for tonight!,"So, the weather, though still cold, is starting to warm up a little.  What are your plans for tonight?

I'm heading to Hemingways in a couple hours to chill, eat something, read some comic books, just to be out.  So, what are your plans?",,,,,,2015-03-07 16:41:18
2ycqe3,http://www.reddit.com/r/Tunisia/comments/2ycqe3/chances_to_practiceteach_architecture_in_tunisia/,2,Chances to practice/teach architecture in Tunisia?,"Hi r/tunisia! I hope I am not too much off topic.

I am 22yo tunisian who was born and raised in Italy, and as such I have a double passport. 

I completed my Bachelor's Degree in Architecture this past september, and I am now studying for my Master's degree, with hopes of continuing with a Phd. 

I would like to continue my work in academia, but I would be happy to work as an architect.

It may sound too romantic or cheesy, but I feel like I am home pretty much only when I am in Tunisia (I have come back for vacation every two years since I was born), and as such I was wondering how are the possibilities of employment in my sector, especially in the academics (and if its possible to make a decent living out of it).

I currently speak:

-italian: with a perfect level of proficency

-english: with a good level of proficency

-arabic: but only tunisian. A shame of mine is being unable to write/read arabic, but I speak tunisian decently (for example I can understand 90% or the talk in a tv show, but very little of a news segment). I hope to improve this once I graduate

-french: at a very basic level.

Is the idea of working or teaching (after some years of exprience) in Tunisia feasible, or am I delusional? 

Thanks to everyone who will reply!

EDITS: grammar",,,,,,2015-03-08 17:45:12
2ygg0t,http://www.dailystar.com.lb/News/Middle-East/2015/Mar-09/290148-tunisia-finds-another-large-arms-cache-near-libya-border.ashx,5,Tunisia finds another large arms cache near Libya border,,,,,,,2015-03-09 16:45:00
2ygg80,http://abcnews.go.com/International/wireStory/us-backs-tunisias-efforts-improve-investment-appeal-29441602,4,US Backs Tunisia's Efforts to Improve Investment Appeal,,,,,,,2015-03-09 16:46:33
2yr2wt,http://arabdemocrat.com/djerbas-museum-of-the-streets/,3,Djerbaâ€™s Museum of the Streets,,,,,,,2015-03-12 02:30:06
2yvrgc,http://www.reddit.com/r/Tunisia/comments/2yvrgc/Ø§Ù„Ø±Ø¬Ø§Ø¡_Ù‡Ù„_ÙŠÙ…ÙƒÙ†Ù†ÙŠ_Ø§Ù„Ø­ØµÙˆÙ„_Ø¹Ù„Ù‰_Ù…Ø³Ø§Ø¹Ø¯ØªÙƒÙ…_ØªØ±Ø¬Ù…Ø©_Ø´ÙŠØ¦Ø§/,2,Ø§Ù„Ø±Ø¬Ø§Ø¡ Ù‡Ù„ ÙŠÙ…ÙƒÙ†Ù†ÙŠ Ø§Ù„Ø­ØµÙˆÙ„ Ø¹Ù„Ù‰ Ù…Ø³Ø§Ø¹Ø¯ØªÙƒÙ… ØªØ±Ø¬Ù…Ø© Ø´ÙŠØ¦Ø§ØŸ,"got this from this beautiful Tunisian girl
3al bouhÃ¨li talleG martou w 3tahÃ¨li 
and I have no idea what it says...",,,,,,2015-03-13 05:23:35
2z0rge,http://www.reddit.com/r/Tunisia/comments/2z0rge/thank_you_for_the_warm_welcome/,7,Thank you for the warm welcome!,"Hello r/Tunisia! Some friends and I are visiting your beautiful country and I just wanted to say thank you so much for the warm welcome and amazing atmosphere. Our guides have been exceptional, the food is delicious, and everyone is so kind. I really hope I get to come back one day.

Edit: I came back home the night before the events in Tunis at the Bardo Museum and was heartbroken when I saw the news. This does not change in any way my opinions, or those of my friends, about Tunisia, we still think it's an awesome country filled with proud, hard working, and kind people and I would go back in a heartbeat! Hope you are all safe!

Edit 2: Happy Independence Day r/Tunisia!",,,,,,2015-03-14 14:26:51
2z1fie,http://www.reddit.com/r/Tunisia/comments/2z1fie/any_scientific_explanation_for_the_horrible/,2,Any [scientific] explanation for the horrible internet speed almost everywhere ?,"the phone operators never give the actual explanation, and you are paying for a particular ""high"" speed when you actually get way less. just, why? ",,,,,,2015-03-14 18:02:23
2z5t0j,https://www.youtube.com/watch?v=yyiW-fFeQQI&amp;t=134,1,3la slemetkom r/Tunisia my first post here (testing the waters)!!! This guy did an amazing job!,,,,,,,2015-03-15 21:05:09
2zgc8m,http://www.mcclatchydc.com/2015/03/17/260058/more-than-7000-tunisians-said.html,4,"More than 7,000 Tunisians said to have joined Islamic State",,,,,,,2015-03-18 10:22:54
2zgm03,http://www.bbc.com/news/world/africa/,3,"'Shots fired' at Tunisian parliament (Bardo, Tunis)",,,,,,,2015-03-18 12:36:56
2zgmc0,http://www.bbc.com/news/world-africa-31941672,1,Tunis attack: Gunmen kill 7 tourists and a Tunisian in museum raid,,,,,,,2015-03-18 12:40:47
2zgmfg,http://www.bbc.com/news/world-africa-31941672,10,Tunis attack: Gunmen kill 7 tourists and a Tunisian in museum raid,,,,,,,2015-03-18 12:42:04
2zgvgf,https://jrosspeters.wordpress.com/2015/03/18/favorite-museum-the-bardo-tunis-tunisia-2/,1,"Response to Terrorism at Favorite Museum....The Bardo--Tunis, Tunisia",,,,,,,2015-03-18 14:12:17
2zh4qv,http://www.urduvoa.com/content/tunis-museeum-standoff-ends-18mar2015/2685367.html,1,ØªÛŒÙˆÙ†Ø³: Ø¹Ø¬Ø§Ø¦Ø¨ Ú¯Ú¾Ø± Ù¾Ø± Ø­Ù…Ù„ÛØŒ ØºÛŒØ± Ù…Ù„Ú©ÛŒ Ø³ÛŒØ§Ø­ÙˆÚº Ø³Ù…ÛŒØª 11 ÛÙ„Ø§Ú©,,,,,,,2015-03-18 15:28:18
2zh69c,http://www.youtube.com/attribution_link?a=WDqCFqrXJLE&amp;u=%2Fwatch%3Fv%3DQEBD9D20fG0%26feature%3Dshare,1,"Tunisia museum attack 7 tourists, 1 local, 2 militants killed",,,,,,,2015-03-18 15:39:51
2zi4yh,http://www.pornhub.com/view_video.php?viewkey=2113428095,1,Really Tight Teenage Asshole CD2,,,,,,,2015-03-18 19:47:07
2zizn3,http://www.telegraph.co.uk/news/worldnews/africaandindianocean/tunisia/11479898/Tunisia-attack-tourists-taken-hostage-at-museum-near-Tunis-parliament-live.html,1,"At least 20 people were killed when gunmen attacked the National Bardo Museum in Tunis,Tunisia. Prayer for the innocent victims: eternal rest grant unto them,O Lord. And let perpetual light shine upon them.",,,,,,,2015-03-18 23:34:22
2zj00b,http://www.reddit.com/r/Tunisia/comments/2zj00b/dating_a_tunisian_girl/,1,Dating a Tunisian Girl,"I know the topic may be a bit provocative for some but hear me out.

I visited Tunisia last year and met a local girl. We met in a professional setting (but not for any business) so the initial exchanges were cordial at best. After coming back home, we started chatting and slowly we started liking each other. I'm planning a trip to Tunisia soon so need a bit of advice from you all.

1. Are there any customs and traditions I should be aware of? (I'm also a muslim and understand that most muslim countries are conservative)

2. What should I do to make this trip to meet her the best time for her. Any particular activities a Tunisian girl might enjoy. We will be in Tunis mostly.

3. Any other words of advice?

Thank you.",,,,,,2015-03-18 23:37:19
2zkmzi,http://www.reuters.com/article/2015/03/18/us-tunisia-security-idUSKBN0ME18E20150318,6,"Gunmen storm Tunisian museum, kill 17 foreign tourists and two Tunisians",,,,,,,2015-03-19 10:56:18
2zlvu2,http://www.urduvoa.com/content/islamic-state-claims-attack-at-tunisia-mueseum-19mar2015/2687115.html,1,ØªÛŒÙˆÙ†Ø³: Ù…ÛŒÙˆØ²ÛŒÙ… Ø­Ù…Ù„Û’ Ú©ÛŒ Ø°Ù…Û Ø¯Ø§Ø±ÛŒ Ø¯Ø§Ø¹Ø´ Ù†Û’ Ù‚Ø¨ÙˆÙ„ Ú©Ø±Ù„ÛŒ,,,,,,,2015-03-19 17:51:40
2zm46j,https://www.youtube.com/watch?v=1ElYPeBWsco&amp;feature=youtu.be,0,"Rashid al-Ghannushi :"" This barbaric attack BardoMuseum is the opera of a mentally ill mind IS """,,,,,,,2015-03-19 18:53:51
2zmlk6,http://whos.amung.us/stats/hmd2hxuxkqw2/#.VQs3hC8o2oE.reddit,1,whos.amung.us - dashboard,,,,,,,2015-03-19 21:03:56
2zr78y,http://www.reddit.com/r/Tunisia/comments/2zr78y/stay_strong_my_tunisian_brothers/,15,Stay strong my Tunisian brothers.,"My dearest Tunisian friends,

The day after: Tunisia has awoken stronger than ever
The day after: Tunisia will NEVER kneel for sad minds
The day after: Tunisia feels more solidarity than ever
The day after: Tunisia remains inspiring with its way to democracy
The day after: Tunisia, no one can take away your beauty and heritage

I'm a 17 year old Moroccan who lives in Holland, but i want you to know, my dear Tunisia, that the world will be with you. And the dogs that call themselves ISIS, will be no more if we show solidarity. Stay strong no matter what they say. A country with so much hidden beauty and heritage, will never go down at the hands of the wicked.
Love, from the Netherlands.",,,,,,2015-03-20 23:36:12
2zsx3t,http://www.gcr21.org/en/publications/global-dialogues/2198-0403-gd-7/,4,The Tunisian Constitutional Process: Main Actors and Key Issues,,,,,,,2015-03-21 13:20:05
2zxn3z,http://www.reddit.com/r/Tunisia/comments/2zxn3z/searching_for_flatmates_in_la_marsa_tunis/,2,Searching for flatmates in la marsa tunis.,"max budget 400d/person :)
Im looking for two persons max to share th  place I live in. If any of you is interested you can just send me a request, you can also ask for a visit.",,,,,,2015-03-22 19:56:34
300o3q,http://www.reddit.com/r/Tunisia/comments/300o3q/law_advice_custom_law_douane_when_receieving_an/,3,[Law advice] Custom law (douane) when receieving an electronic device,"Hello everyone,


Can anyone please explain to me what are the procedures I must follow if someone in Europe send me an electronic device ?

I need this [graphic tablet](https://store.wacom.com/us/en/product/CTL480/), i can't find it anywhere in Tunisia but  
i can buy it on eBay (i can pay online), or ask a friend to buy it and send it by mail as a gift.


Can anyone please clarify this for me ? is it possible to do such a thing ? and if yes then what are the rules ? and if the answer is no, then can you please explain why ? 


Thank you very much and have a great day.  ",,,,,,2015-03-23 15:11:04
308zw2,http://www.alhadath-tv.com/2015/03/25/%d8%a7%d8%b9%d8%aa%d9%82%d8%a7%d9%84-%d9%85%d9%87%d9%86%d8%af%d8%b3-%d9%87%d8%ac%d9%88%d9%85-%d9%85%d8%aa%d8%ad%d9%81-%d8%a8%d8%a7%d8%b1%d8%af%d9%88-%d9%81%d9%8a-%d8%aa%d9%88%d9%86%d8%b3/,1,Ø§Ø¹ØªÙ‚Ø§Ù„ Ù…Ù‡Ù†Ø¯Ø³ Ù‡Ø¬ÙˆÙ… Ù…ØªØ­Ù Ø¨Ø§Ø±Ø¯Ùˆ ÙÙŠ ØªÙˆÙ†Ø³,,,,,,,2015-03-25 13:26:38
30bbq8,http://www.reddit.com/r/Tunisia/comments/30bbq8/youth_employment_and_regional_development_must/,1,Youth employment and regional development must rank as top priorities in Tunisia to secure stability and prosperity,"This is an article form the OECD , (Organisation for Economic Co-operation and Development) talking about the importance of youth employment and regional development in Tunisia and how it should be a top priority 
Its really worth reading :D

http://www.oecd.org/newsroom/youth-employment-and-regional-development-must-rank-as-top-priorities-in-tunisia.htm",,,,,,2015-03-25 23:52:19
30dtog,https://medium.com/reportedly/tunis-a-fearless-world-social-forum-fba1868e98d0,1,Tunis: a fearless World Social Forum,,,,,,,2015-03-26 15:57:04
30iyus,https://www.youtube.com/watch?v=RHGSfaqHpsM,5,Ridha Diki Ana Andi Rendez-Vous,,,,,,,2015-03-27 19:47:52
30xngs,http://www.tnboutiques.tn/produit408.html,1,belle robe a vendre en tunisie,,,,,,,2015-03-31 15:24:49
310e6g,http://www.tunisianow.org/%d9%85%d9%83%d9%88%d9%86%d8%a7%d8%aa-%d8%a7%d9%84%d8%aa%d9%8a%d8%a7%d8%b1-%d8%a7%d9%84%d8%b3%d9%84%d9%81%d9%8a-%d8%a7%d9%84%d8%ac%d9%87%d8%a7%d8%af%d9%8a-%d9%81%d9%8a-%d8%aa%d9%88.html,1,Ù…ÙƒÙˆÙ†Ø§Øª Ø§Ù„ØªÙŠØ§Ø± â€œØ§Ù„Ø³Ù„ÙÙŠ Ø§Ù„Ø¬Ù‡Ø§Ø¯ÙŠâ€ ÙÙŠ ØªÙˆÙ†Ø³ ÙˆØ±ÙˆØ§ÙØ¯Ù‡ Ø§Ù„Ø£Ø±Ø¨Ø¹Ø© Ø¨Ø¹Ø¯ Ø§Ù„Ø«ÙˆØ±Ø© / Ø¨Ù‚Ù„Ù… Ø³ÙŠÙ Ø§Ù„Ø¯ÙŠÙ† Ø§Ù„Ø·Ø±Ø§Ø¨Ù„Ø³ÙŠ,,,,,,,2015-04-01 03:22:40
3132ys,http://www.reddit.com/r/Tunisia/comments/3132ys/need_help_finding_volunteer_opportunities_in/,4,Need help finding volunteer opportunities in Tunisia,"I am currently traveling in Tunisia and am searching for any opportunities to either volunteer or work in exchange for room and board.

Programs such as WWOOFing, workaway, and helpx only offer one or two options. The only other options I have found are for SOSchildren or the Red Cross, who work near the Lybian border. Which is said to be unsafe for travellers. 

I am looking for work helping people in their daily lives, such as farmwork, tending to their animals or crops, building projects, ...

Any suggestions welcome, Thanks",,,,,,2015-04-01 17:52:41
31da9s,http://www.reddit.com/r/Tunisia/comments/31da9s/honest_question_what_do_you_think_of_atheists/,0,"Honest question, What do you think of Atheists?","Are they a threat? or not? 

I'm an Arab Atheist. I know that sounds very much moronic to say. But I am rather very much Anti Theism. I think you Tunisians know this more than anyone else. But I'm not here to convince you or anything. What do you personally think of Atheists? ",,,,,,2015-04-03 23:55:29
31ihtw,http://www.reddit.com/r/panarabism/,2,"For any of you Tunisian Pan-Arabists, you may consider participating in discussion in this subreddit",,,,,,,2015-04-05 12:09:53
31m3vj,http://thawra.tn/%d8%a7%d9%84%d9%8a%d9%88%d9%85-%d8%a7%d9%84%d8%af%d9%88%d9%84%d9%8a-%d9%84%d9%84%d8%aa%d9%88%d8%b9%d9%8a%d8%a9-%d8%a8%d8%a7%d9%84%d8%a3%d9%84%d8%ba%d8%a7%d9%85-2/,1,Des Ã©lÃ©ves manifestent la JournÃ©e internationale de la sensibilisation au problÃ¨me des mines et de lâ€™assistance Ã  la lutte antimines,,,,,,,2015-04-06 10:14:13
31sj1t,http://www.reddit.com/r/Tunisia/comments/31sj1t/kidnappers_of_tunisia_how_long_before_you_will/,0,"Kidnappers of Tunisia, how long before you will let me go once you get me and I refuse to pay?",,,,,,,2015-04-07 20:47:26
31y8ea,http://www.reddit.com/r/Tunisia/comments/31y8ea/staying_in_tunis/,2,Staying in Tunis,"Hey I am working in Uganda this summer and am visiting a friend who is learning Maghreb at the University of Carthage what are some cheap places I could stay near there? Also what are some musts and things I should do when in Tunis? I am only there for 5 days if that helps. Also how long does it take to get through security at the airport!

Much Love,

Wowatsunami",,,,,,2015-04-09 02:15:48
31zdfl,http://www.ciric.in/?page_id=182&amp;postId=767,1,"Braving the Tunis Rain, From a Single Drop to a Thunderstorm!",,,,,,,2015-04-09 10:02:55
32553a,http://dracowar-gaming.com/cartes-bancaires-internationales-semaine-prochaine-en-tunisie/,3,CARTES BANCAIRES INTERNATIONALES SEMAINE PROCHAINE EN TUNISIE,,,,,,,2015-04-10 17:41:56
327yiz,http://www.reddit.com/r/Tunisia/comments/327yiz/3_months_vacation_in_tunisia_suggestions_for_an/,3,3 months vacation in Tunisia. Suggestions for an optimal circuit (wheelchair friendly)?,Hey folks! I will be in Tunisia for three months this summer and I would like to get the most out of my vacation. What would you recommand for me knowing that I am on a wheelchair so that many places would not be accessible for me.,,,,,,2015-04-11 11:13:33
32lmka,http://wheelz.me/volkswagen-gti-supersport/,0,ÙÙˆÙ„ÙƒØ³ÙØ§ØºÙ† ØªØ¹Ù„Ù† Ø¹Ù† ØµØ§Ø±ÙˆØ®Ù‡Ø§ Ø§Ù„Ø¬Ø¯ÙŠØ¯: Ø§Ù„Ø§Ø®ØªØ¨Ø§Ø±ÙŠØ© Ø¬ÙŠ ØªÙŠ Ø£ÙŠ Ø³ÙˆØ¨Ø± Ø³Ø¨ÙˆØ±Øª ØºØ±Ø§Ù† ØªÙˆØ±ÙŠØ²Ù…Ùˆ,,,,,,,2015-04-14 19:50:30
33l62o,http://www.reddit.com/r/Tunisia/comments/33l62o/where_can_i_find_a_used_ps3_and_what_price_range/,2,Where can I find a used PS3 and what price range?,"I'm looking to get a PS3 as my brother-in-law is really wanting his back and my wife needs it.  So, I may offer to buy his and if that's a no-go, where can I pick one up (new or used, preferred used) and what price range?",,,,,,2015-04-23 12:34:06
340hjt,http://www.fpi-tunisie.com/djerbahood/,1,DÃ©couvrez DjerbaHood â€“ Une vÃ©ritable expÃ©rience humaine en Tunisie,,,,,,,2015-04-27 09:34:42
340i6u,http://toutestla.tn/cadeau-tunisie-29,1,Nouvelle magasin ToutEstLA - Des cadeaux adaptÃ© Ã  toutes les occasions,,,,,,,2015-04-27 09:45:39
3455yk,http://www.reddit.com/r/Tunisia/comments/3455yk/what_footwear_to_use_in_the_sahara/,1,What footwear to use in the Sahara?,"Hello all, 

I'll be travelling shortly to Tunisia and part of my trip is a expedition into the Sahara. 

I'm wondering what would be the best choice of footwear for a guy. 

Thanks
",,,,,,2015-04-28 11:40:11
34bu5o,http://www.reddit.com/r/Tunisia/comments/34bu5o/whats_the_thing_about_nettlerplanetwin365/,2,What's the thing about Nettler/PlanetWin365 ?,"Hi, 

During the past 2 weeks i got asked almost everyday if i could load someone ""Nettler"" card or his PlanetWin account (i've been making mobile apps for the past 2 years and i always have money in my foreign bank account). today i saw more than one Facebook announcement about new ""stores"" that sells 1â‚¬ for 3TND!! so basically you give them 1.6â‚¬ to take 1â‚¬. 

So can anyone explain what the fuck is happening ? and is this legal ? Am really worrying about this because am 100% sure that it will effect the upcoming international credit card made for developers, these scammers will just request a card that has 1000TND and find a way to sell it back for  1600TND, this will really be bad for us (developers) because even if it won't affect us right now, the number of the given card compared to how useful it was in development would be very obvious and it may lead to bad results, for example the government may think that this was a bad decision and they just cancel it. 


So please let me know what do you think ? 


Have a good day :) ",,,,,,2015-04-29 22:13:20
34vf9k,http://www.reddit.com/r/Tunisia/comments/34vf9k/are_people_in_tunisia_worried_about_isis_coming/,2,Are people in Tunisia worried about ISIS coming into the country?,"I heard about a recent story in which ISIS declared that they were moving toward Tunisia through Libya, and was just curious to gauge the public perception in Tunisia.
",,,,,,2015-05-04 21:54:53
34zh05,http://www.alaraby.co.uk/english/features/2015/3/9/suicide-rates-skyrocket-in-poor-tunisian-neighbourhoods,1,Suicide rates skyrocket in poor Tunisian neighbourhoods,,,,,,,2015-05-05 21:06:00
356e5i,http://www.reddit.com/r/Tunisia/comments/356e5i/tourist_information_needed_please_and_thanks/,1,Tourist information needed please and thanks,Hi I'm visiting the Monastir area later in the month and I'm just wondering about things to look out for or be aware of (i.e. bugs/insects that are a nuisance or pick pockets/thieves etc) any useful advice would be appreciated. ,,,,,,2015-05-07 14:15:30
35acgt,http://www.reddit.com/r/Tunisia/comments/35acgt/what_was_life_like_under_ben_ali/,3,What was life like under Ben Ali?,"Hello /Rtunisia, hope all is well. I've been curious about life under the Ben Ali regime for a while. What was the general view toward Ben Ali, and what type of 'control' of sorts did his regime exert? I understand this is a divisive topic and not trying to start any political debates, just curious about what life was like under his regime. ",,,,,,2015-05-08 13:12:16
35ev60,http://www.indrastra.com/2015/05/Libya-or-Tunisia-Who-Needs-the-Other-More-by-Hiba-Safi.html,2,Libya or Tunisia: Who Needs the Other More? by Hiba Safi,,,,,,,2015-05-09 17:49:49
35t3t7,http://www.reddit.com/r/Tunisia/comments/35t3t7/anyone_got_the_new_international_credit_card/,2,Anyone got the new international credit card?,,,,,,,2015-05-13 07:43:54
360whg,http://www.defensenews.com/story/defense/international/mideast-africa/2015/05/14/us-delivers-humvees-patrol-boat-tunisia/27334091/,2,"US Delivers Humvees, Patrol Boat To Tunisia",,,,,,,2015-05-15 03:57:12
365xpq,http://www.webmanagercenter.com/actualite/technologie/2015/05/16/163685/tunisie-finances-la-poste-tunisienne-lance-sa-carte-technologique-internationale,1,La Poste Tunisienne lance sa Carte Technologique Internationale,,,,,,,2015-05-16 13:38:38
36cvxb,http://www.reddit.com/r/Tunisia/comments/36cvxb/hi_rtunisia_im_travelling_to_tunisia_for_a_week/,5,"Hi r/Tunisia, I'm travelling to Tunisia for a week with my girlfriend. Some suggestions of do's and don'ts?",I'm particularly interested in clothing. Is there something that is inappropriate? ,,,,,,2015-05-18 11:13:47
36e96f,http://www.riyadhvision.com/2015/05/18/tunisia-says-172-nationals-held-by-libya-militia/,1,Tunisia says 172 nationals held by Libya militia,,,,,,,2015-05-18 18:29:51
36vgpf,http://www.reddit.com/r/Tunisia/comments/36vgpf/reddit_global_meetup_june_13th_2015_ideas_please/,14,"Reddit Global Meetup - June 13th, 2015 (IDEAS) - Please upvote for visibility, no karma is gained from this.","So it was announced yesterday that the global Reddit Meetup is going to be June 13th, 2015.  So, we need ideas.  I know that /u/enti_san and /u/flesmih have gone to the ones in the past 2 years and they had a great time.  Someone else, I forget who, went to the second one and someone to the third one, I forget their names, so my apologies.

We need ideas.  Bowling?  Cafe?  Ruins of Carthage?  I'm not from here so I'm not sure what to do exactly.  

This is going to be just before Ramadan so would be a great time to get together and eat and drink while we still can.  

Some ideas:

Bardo Museum: Attendance has been down since the attacks and it would be great to go and show solidarity for the country and against the terrorist trying to scare people away

Cooks: [A good restaurant in Sidi Bou Said](https://www.facebook.com/cooksfood?fref=ts).

Golden Cafe: [Another good place for food](https://www.facebook.com/GoldensCafe?fref=ts)

[Berber Village](http://www.tripadvisor.com/Attraction_Review-g293758-d7197902-Reviews-Berber_village-Tunis_Tunis_Governorate.html) Not sure what this place is but sounds interesting.  Thoughts?

I will also try to get some playing cards (If you have some, let me know) so we can play some cards.  I can teach some games like No Limit Texas Hold 'em, Go Fish, Rummy, or Bullshit (Can be called Liar if played in public).  If anyone has any board games (scrabble, settlers of catan, Ticket to ride, that sort of thing) please let us know.

We had 3 people the first and I think 4 the second.  I'd like to see a lot more people, like 10.  

Also, this post is in English because it's all that I know but I'm trying to learn some Arabic.  My wife is Tunisian so she can translate to me if need be.",,,,,,2015-05-22 13:10:59
36xsah,https://www.youtube.com/attribution_link?a=dJ_-hf-eRoc&amp;u=%2Fwatch%3Fv%3DzwNqrDieVno%26feature%3Dshare,1,"IMG 0170: Meeting with my Grand Uncle, Beji Caid Essebsi",,,,,,,2015-05-23 00:23:47
374uoy,https://youtu.be/8rmRfYz5QuU,6,BCE and Obama meet @ White House (English and Arabic),,,,,,,2015-05-24 22:04:36
37b02j,http://www.riyadhvision.com/2015/05/26/tunisian-soldier-shot-dead-after-killing-comrades/,1,Tunisian soldier shot dead after killing comrades,,,,,,,2015-05-26 08:17:54
37eai0,http://www.reddit.com/r/Tunisia/comments/37eai0/Ø´Ù†ÙŠØ©_Ø­ÙƒØ§ÙŠØ©_Ø§Ù„Ø¨ÙŠØªØ±ÙˆÙ„/,2,Ø´Ù†ÙŠØ© Ø­ÙƒØ§ÙŠØ© Ø§Ù„Ø¨ÙŠØªØ±ÙˆÙ„ØŸ,,,,,,,2015-05-27 00:16:29
37pn98,http://www.reddit.com/r/Tunisia/comments/37pn98/coming_to_tunisia_on_sunday/,2,Coming to Tunisia on Sunday...,"Hey /r/Tunisia, 

I'm a New Zealander based in Doha and was just given the unexpected opportunity to go to Tunis for 5 days next week. Would anyone on this sub be keen to meet up for a coffee/beer/whatever sometime next week? I've found reddit to be a good medium to meet cool people in different countries in the past. 

Also, I do some work for a media watchdog organisation based in Doha, and since I'm coming I would like to try and do a story on the current media landscape in Tunisia - does anyone know any English speaking journalists I could chat to?

Looking forward to checking out your country, I've only heard good things :)
 ",,,,,,2015-05-29 12:19:45
37pswo,http://intlinterest.com/2015/05/28/tunisia-the-jewel-of-the-mediterranean/,1,Tunisia â€“ The Jewel of the Mediterranean,,,,,,,2015-05-29 13:14:29
385oi5,http://www.reddit.com/r/Tunisia/comments/385oi5/where_to_buy_peanut_butter/,2,Where to buy peanut butter ?,Is there anywhere where we can buy it here ? thanks,,,,,,2015-06-02 01:02:45
38w67s,http://www.reddit.com/r/Tunisia/comments/38w67s/Ø´ÙƒÙˆÙ†_Ø¹Ù†Ø¯Ù‡_ÙÙƒØ±Ø©_Ø¹Ù„Ù‰_Ø§Ù„Ù…ÙˆØ³ÙˆØ¹Ø©_Ø§Ù„ØªÙˆÙ†Ø³ÙŠØ©_Ø§Ù„ÙŠ_Ø£ØµØ¯Ø±Ù‡Ø§/,2,Ø´ÙƒÙˆÙ† Ø¹Ù†Ø¯Ù‡ ÙÙƒØ±Ø© Ø¹Ù„Ù‰ Ø§Ù„Ù…ÙˆØ³ÙˆØ¹Ø© Ø§Ù„ØªÙˆÙ†Ø³ÙŠØ© Ø§Ù„ÙŠ Ø£ØµØ¯Ø±Ù‡Ø§ Ø¨ÙŠØª Ø§Ù„Ø­ÙƒÙ…Ø© ÙÙŠ 2013ØŸ,,,,,,,2015-06-07 09:51:13
38y6nm,http://www.reddit.com/r/Tunisia/comments/38y6nm/reddit_global_meetup_june_13th_2pm_at_mokayshi/,3,"Reddit Global Meetup - June 13th, 2pm at Mokayshi Spirit","So, the meetup for June 13th will be at 2pm at [Mokayshi Spirit](https://www.facebook.com/pages/Mokayshi-Spirit/1389135698082431).  

We have some UNO cards and conversation.  If someone has some playing cards they would be greatly used as I'm suspecting we'll have 6-10 people.  I will be calling Mokayshi Spirit tomorrow just to double check.

This is a geek/nerd kind of place so, feel free to bring comic books or whatever you want.  I figure that we'll probably spend 3 hours (or longer if you want) talking, getting to know everyone, playing cards, eating, drinking, laughing, just having a lot of fun.

I know that myself, /u/flesmih, and /u/enti_san will be there so you can also get to know your moderating team.  I am American who speaks very little of anything else other than some Spanish and am hoping to try out what Tunisian I know on some new people =).

If you have any questions, suggestions, or concerns, please, post here and let us know.  I know that Ramadan is soon but this is going to be just before so this could be your last chance to really eat and drink and relax on a weekend before the holidays.

If enough show up and there is a receptive audience, we can meet up a couple weeks into Ramadan to break fast one night on the weekend.",,,,,,2015-06-07 21:12:33
39lkpu,http://www.reddit.com/r/Tunisia/comments/39lkpu/visiting_tunis_could_i_wear_my_je_suis_charlie/,1,"Visiting Tunis! Could i Wear my ""Je Suis Charlie"" T-shirt or should i leave it at home?",,,,,,,2015-06-12 16:13:19
39omdf,http://www.reddit.com/r/Tunisia/comments/39omdf/reddit_global_meetup_today_2pm_at_mokayshi_spirit/,5,"Reddit Global Meetup - TODAY!, 2pm at Mokayshi Spirit in Tunis","Just a reminder that at 2pm today we will be meeting at Mokayshi Spirit in Tunis.  We have Rami cards (I'm guessing like Rummy but he said Rami so I am not sure) and some Uno card.  If you have some other games or cards we can use, please do bring.  We are expecting a good turn out and have told them to reserve a space of ~10 for us.  Myself and /u/enti_san will probably be there 1:30pm or so and there will be a sign on our table (or should be, if not look for a guy with a Samsung Laptop with a [Reddit coat of arms](http://2.bp.blogspot.com/-Ezs23TgywwQ/Tcvqo5YnoZI/AAAAAAAAAVE/BD3Fd-9CZOo/s1600/RedditCOA.png) sticker on it.  I'm a big guy, so i'm hard to miss =)

I look forward to meeting all of you and having a great time!",,,,,,2015-06-13 07:19:04
39pb7s,http://www.bbc.com/sport/0/football/33122200,6,Tunisia start campaign with huge win,,,,,,,2015-06-13 13:00:15
39preu,http://www.reddit.com/r/Tunisia/comments/39preu/pictures_from_meet_up_2015_not_too_late_to_join_us/,12,Pictures from meet up 2015! Not too late to join us!,http://m.imgur.com/SXEOtNl,,,,,,2015-06-13 15:47:51
39svgn,http://i.imgur.com/KTAfM7Q.jpg,14,[History] Map of Tunisian tribes and clans (1976) (English/German/French),,,,,,,2015-06-14 13:06:35
39twi5,http://www.leaders.com.tn/article/17217-ces-femmes-pilotes-de-l-armee-tunisienne,3,Ces femmes pilotes de chasse de l'armÃ©e tunisienne,,,,,,,2015-06-14 19:00:51
39z868,http://www.reddit.com/r/Tunisia/comments/39z868/anyone_knows_tunisian_soccer_player_mohamed_ali/,2,Anyone knows Tunisian soccer player Mohamed Ali Moncer?,"I would like to konw something about him, is he a good player? I think he's in the national team, right?
Thank you.",,,,,,2015-06-16 00:00:18
3a1nu3,https://www.thinglink.com/scene/667379107192897536,1,16:54 - #Tunisie ğŸŒ :double attaque meurtriÃ¨re contre la police Ã  Sidi Bouzid - #EI ğŸ”— https://goo.gl/rpLefs âœğŸ’¬ğŸ‘‡,,,,,,,2015-06-16 15:11:19
3a2tzy,http://www.bbc.com/news/world-africa-33149419,3,Deadly Tunisia train and lorry crash in El Fahes,,,,,,,2015-06-16 20:04:50
3a7chr,http://www.reddit.com/r/Tunisia/comments/3a7chr/ramadhan_mubarek_for_all_tunisians_what_are_your/,3,Ramadhan mubarek for all tunisians ; what are your plans during this holy month ?,,,,,,,2015-06-17 20:16:13
3a9ri5,http://carnegieendowment.org/sada/2015/06/16/old-political-habits-in-tunisia/ian7,2,Old Political Habits in Tunisia,,,,,,,2015-06-18 10:28:47
3an91z,http://www.targa-consult.com/index.php?option=com_content&amp;view=article&amp;id=167,6,Tunisian map of the Baccalaureat results of 2015 by Gouvernorate,,,,,,,2015-06-21 21:59:12
3arioh,http://orig11.deviantart.net/f300/f/2013/061/d/e/rome_and_carthage___the_punic_wars__264___201_bc__by_undevicesimus-d5f2fuw.jpg,9,Map of the Punic Wars (264-201 BC) [4410X3000],,,,,,,2015-06-22 22:42:49
3b6ajm,http://www.reddit.com/r/Tunisia/comments/3b6ajm/what_is_rtunisias_plan_for_this_weekend/,5,What is /r/tunisia's plan for this weekend?,"So, what is everyone doing this weekend?  With it being Ramadan I'm interested on what Tunisians do while not eating.  Cafes are closed (and boy, you guys love your cafes), so do you go out?  Stay home?",,,,,,2015-06-26 09:07:44
3b6lrq,http://www.reddit.com/r/Tunisia/comments/3b6lrq/terrorist_attack_in_sousse_today_at_tourist_hotel/,25,Terrorist Attack in Sousse today at tourist Hotel,Please be careful out there today guys.  Please post details here as you know them.,,,,,,2015-06-26 11:43:50
3b7c5h,http://www.urduvoa.com/content/gun-attack-kills-27-in-tunisian-beachside-hotel-26jun2015/2838418.html,1,ØªÛŒÙˆÙ†Ø³ Ù…ÛŒÚº ÛÙˆÙ¹Ù„ Ù¾Ø± Ø¯ÛØ´Øª Ú¯Ø±Ø¯ÙˆÚº Ú©Ø§ Ø­Ù…Ù„ÛØŒ 27 Ø§ÙØ±Ø§Ø¯ ÛÙ„Ø§Ú©,,,,,,,2015-06-26 15:39:08
3b86nc,http://beta.advob.com/index.php?tab1=article&amp;id=438,1,Father And Husband-To-Be Saves Fiancee's Life After Throwing His Body In Front Of Terrorist Attack,,,,,,,2015-06-26 19:20:01
3b8e0s,http://www.amapro.ga/2015/06/great-collections-of-tunisia.html,1,Some Great Collections of Tunisia | www.amapro.ga,,,,,,,2015-06-26 20:15:01
3ba9o3,http://www.ibtimes.co.uk/tunisia-hotel-attack-live-british-tourists-caught-mayhem-body-count-rises-27-1508124,2,Tunisia hotel attack as it happened: At least 5 British tourists among the dead as toll hits 37,,,,,,,2015-06-27 07:23:27
3bd45q,http://ethicalhacking786.blogspot.co.uk/2015/02/wordlist-for-cracking.html,1,Bigest Worldlist for Cracking Emails passwords,,,,,,,2015-06-28 02:13:30
3be7tv,https://www.youtube.com/watch?v=JyduPE6pgKw&amp;feature=youtu.be,1,Horrifiv! Eye witness catches gunman on camera (Tunisia) - YouTube,,,,,,,2015-06-28 11:46:20
3becz3,http://selfiefails.co.uk/eye-witness-interview-from-one-of-the-hit-hotels-tunisia/,1,Eye Witness Interview From One of The Hit Hotels â€“ Tunisia,,,,,,,2015-06-28 13:01:32
3bfk3k,http://www.indrastra.com/2015/06/Terror-in-Tunisia-by-Rory-McCarthy.html,1,Terror in Tunisia by Rory McCarthy,,,,,,,2015-06-28 19:52:50
3bg0dt,http://www.itv.com/news/2015-06-28/father-of-tunisia-gunman-i-am-so-ashamed/,3,Father of Tunisia beach gunman: 'I am so ashamed',,,,,,,2015-06-28 22:08:07
3bg1j6,http://www.dailymail.co.uk/news/article-3142037/Britons-played-dead-beach-survive-horror-Tourists-caught-massacre-tell-lay-motionless-crazed-gunman-stood-them.html,7,Tunisia tourists reveal hotel workers formed 'human shield',,,,,,,2015-06-28 22:17:47
3bg6ar,http://theinscribermag.com/tunisia-why-it-is-under-fire-for-birthing-the-arab-spring/,1,Tunisia: Why It Is Under Fire For Birthing The Arab Spring,,,,,,,2015-06-28 22:59:31
3bge8a,http://www.alhadath-tv.com/2015/06/29/%D9%82%D8%AA%D9%84%D9%89-%D8%A8%D8%B1%D9%8A%D8%B7%D8%A7%D9%86%D9%8A%D8%A7-%D9%81%D9%8A-%D9%87%D8%AC%D9%88%D9%85-%D8%AA%D9%88%D9%86%D8%B3-%D8%A8%D9%84%D8%BA-30-%D8%B3%D8%A7%D8%A6%D8%AD%D8%A7/,1,Ù‚ØªÙ„Ù‰ Ø¨Ø±ÙŠØ·Ø§Ù†ÙŠØ§ ÙÙŠ Ù‡Ø¬ÙˆÙ… ØªÙˆÙ†Ø³ Ø¨Ù„Øº 30 Ø³Ø§Ø¦Ø­Ø§,,,,,,,2015-06-29 00:11:29
3bhmvh,http://www.reddit.com/r/Tunisia/comments/3bhmvh/american_headed_to_tunisia/,6,American headed to Tunisia,"Americans aren't big on traveling outside their wide-load comfort zone. Countries that arenâ€™t in Europe arenâ€™t on the visit list. You're going to Tunisia...where is that? Did you see the news of that attack in Tunisia - don't go there. Support for my leaving on this very unclear adventure is at an all time low. You can find support for anything on the internet, all sorts of weirdos out there -- so here I am. I'm not really worried about my security, but I do enjoy being alive. And Iâ€™m not really worried Iâ€™m getting in over my head, I didnâ€™t sign up for anything but to keep living. Iâ€™m only casually self-discussing the darija course at the Bourguiba institute. 

First off, my plan is this, I've got a guy on couchsurfing that says I should bring him some organic cacao nibs and he'll let me stay with him for a bit until I can find an apartment. The chocolate is in the mail, Habibi. I've ended up with an extra 600 dollars a month (this is enough right?) in my life to go hang out in Tunisia for a bit. I want to run the beach, eat the fresh food, swim around and get tan and feeling good. My Arabic understanding is pretty bad with this Tunisian dialect (I've been watching some Tunisian films - oooh lala) I understand gulfies more. I was a student of Arabic for several years but when talking to people I would hear a sentence without understanding a single word sometimes. I throw my MSA out there, smile, they get what I'm going for, then they start talking like a baby to me. Its pathetic, but it gets the shugul done. 

My flight date approaches. I bought my ticket before this fiasco and Iâ€™m poor so Iâ€™m flying there just to get my moneyâ€™s worth. Iâ€™m reading through everything on google about expats or Americans in Tunisia. I suppose its not everything, I'm only reading in english. Bien, merci. Ca Va? Bonjour, bon voyage, menage a trois, mime - thats all the French I know. And I'm too lazy to use the Arabic right now. But Iâ€™m reading through all the english expat materials and basic travel information sites. 

I am just very laissez faire about the whole thing, you know, I think its just gonna work itself out. What do you think?",,,,,,2015-06-29 08:12:33
3bjk4r,https://www.youtube.com/attribution_link?a=HZuHkv9R3aA&amp;u=%2Fwatch%3Fv%3D6vBCTHjmqn8%26feature%3Dshare,2,Tunisia Attack New Raw Video : Gunman with Machine Gun inside Hotel Begi...,,,,,,,2015-06-29 19:16:28
3bkfx9,https://www.flickr.com/photos/rfoxphoto/19252946756/in/dateposted-public/,9,Watercolor painting of Roman Coliseum in El-Djem,,,,,,,2015-06-29 23:14:54
3bl9zs,http://www.reddit.com/r/Tunisia/comments/3bl9zs/question_why_does_tunisia_have_such_a_high/,2,[Question] Why does Tunisia have such a high percentage of educated joining ISIS?,"First off, my father is Tunisian and my mother is Swedish.

I've always been extremely proud of my Tunisian heritage, I still am. From the early history of the Phoenicians travelling to the cape of africa to the north of europe, to Carthage and Hannibals father founding Barcelona. 

Hell, Tunisia gave women the right to vote over 20 years ahead of portugal and sweizz. And the university-graduation levels are on par with Sweden which is quite amazing considering the history of ben ali.

So I must ask; **How is it that there are so many educated tunisians joining ISIS?** My father couldn't answer me when I asked this, he didn't even know the statistics and found it strange. As do I, because from everything I've experienced of tunisia it's a great, open and somewhat secular country. 

[So why do some decide to join ISIS?](http://www.businessinsider.com/heres-why-so-many-of-tunisias-youth-are-drawn-to-isis-2014-10?IR=T) I want to know what down to earth tunisians in tunisia have to say about this

I am also curious as to how ISIS is percieved in tunisia, since from all that I've read people seem to not think to badly of ISIS. I know that all stories have two sides, just look at russia-today, al-jazeera, and CNN covering stories and you see widely different views. But from all the news I gather ISIS seems to be such a horrid party, worse so than saudi arabia, qatar etc. and I've lived a year in Saudi-Arabia and I hate that country with a passion.

It all just seems so weird to me that the tunisia I love, the tunisia I am proud of, somehow also is the biggest source of isis jihadists in the muslim world. ",,,,,,2015-06-30 03:30:35
3bqjlh,http://www.reddit.com/r/Tunisia/comments/3bqjlh/esprit_or_similar_is_it_possible_to_get_accepted/,3,ESPRIT (or similar) is it possible to get accepted in 2nd year ?,"Hello everyone, 

I studied 2 year in ISET Bizerte, passed the first year and failed the second one with a score of 9.98. 

(nope am not too weak for it, i was busy [working](http://aladineprojects.tumblr.com/)  and [developing personal projects](http://alaslipknot.tumblr.com/) ) 

I wanna know if any of you know someone who had a similar case to me and could tell me what happened. 

My problem here is that i don't want to re-study the first year, i saw the curriculum it's a pure waste of time for me, so if you know any other private Institute that won't give me this problem then please share your knowledge :) 


Thank you and have a good day    ",,,,,,2015-07-01 09:55:44
3bqkmy,http://info-news.eu/tunisia-dozens-killed-in-a-terrorist-attack-at-the-resort-isis-claims-responsibility/#sthash.Yucs2eZg.sfju,1,"Tunisia: dozens killed in a terrorist attack at the resort, ISIS claims responsibility",,,,,,,2015-07-01 10:10:32
3bt2z9,http://citywick.blogspot.com/2015/07/in-tunisia-gunman-kills-39-at-tunisian.html,2,"In Tunisia, Gunman kills 39 at Tunisian beachside hotel, ISIS claims attack",,,,,,,2015-07-01 22:38:41
3bu4qv,http://www.reddit.com/r/Tunisia/comments/3bu4qv/ariana_what_are_the_available_education/,3,"Ariana, what are the available education institutes there ?","Hello, 

I am from Bizerte, and will probably study in ESPRIT or SESAME next year (IT), but this post isn't about me, i know someone who want to study in the same area but doesn't have anything to do with Technology (bac lettre) also she doesn't want to study things related to economy, marketing or management. 

(eg: Business English, Optics and Eyewear, pharmacy, etc...)    

I know about the UC (*universitÃ© central*) but it's a little bit far.


Please recommend something with good reputation.


Thank you and have a good day :) ",,,,,,2015-07-02 04:15:55
3buccf,http://thetimesofafrica.newsvine.com/_news/2015/03/16/30981697-india-tunisia-renew-bilateral-relationships,1,India-Tunisia Renew Bilateral Relationships,,,,,,,2015-07-02 05:38:07
3c1stv,http://www.skibbereeneagle.ie/uncategorized/britain-votes-against-imperialism/?utm_campaign=shareaholic&amp;utm_medium=reddit&amp;utm_source=news,1,Britain votes against Imperialism,,,,,,,2015-07-03 23:42:38
3c3ojf,http://www.tap.info.tn/ar/index.php/siassa/62364-%D8%B1%D8%A6%D9%8A%D8%B3-%D8%A7%D9%84%D8%AC%D9%85%D9%87%D9%88%D8%B1%D9%8A%D8%A9-%D9%8A%D8%B9%D9%84%D9%86-%D8%AD%D8%A7%D9%84%D8%A9-%D8%A7%D9%84%D8%B7%D9%88%D8%A7%D8%B1%D8%A6-%D9%88%D9%8A%D8%AA%D9%88%D8%AC%D9%87-%D8%A8%D8%B9%D8%AF-%D8%B8%D9%87%D8%B1-%D8%A7%D9%84%D8%B3%D8%A8%D8%AA-%D8%A8%D8%AE%D8%B7%D8%A7%D8%A8-%D8%A5%D9%84%D9%89-%D8%A7%D9%84%D8%B4%D8%B9%D8%A8-%D8%A7%D9%84%D8%AA%D9%88%D9%86%D8%B3%D9%8A,1,President will declare state of emergency in today's speech,,,,,,,2015-07-04 13:36:34
3chg39,http://www.reddit.com/r/Tunisia/comments/3chg39/hi_rtunisia_im_creating_a_playlist_with_one_song/,3,Hi /r/tunisia! I'm creating a playlist with one song from every country in the world! What song would you recommend from your country?,"Ø§Ù„Ø³Ù„Ø§Ù… Ø¹Ù„ÙŠÙƒÙ… /r/Tunisia ! I'm trying to put together a playlist that has one song from each country in the world. What song would you recommend from your Country for me to add to my playlist?

You can check out my submission to /r/Africa [here](http://www.reddit.com/r/Africa/comments/31u7kw/hi_rafrica_im_creating_a_playlist_with_one_song/) if you are interested in checking out some suggestions from other countries in Africa or contributing songs from other African countries that you don't see mentioned!

Please don't downvote if you don't like the song, only if the Artist is incorrectly being represented as from/involved with your country or if it's an obvious troll suggestion!

**Rules:**

-I'm not looking for anything *stereotypical* to represent the country culturally, just an enjoyable song by an artist from your country! Feel free to choose those kinds of songs if you like however!

-The Artist has to be from or live in the country.

-The song *does not* have to be in the language of the country but it can be.

-The song can be any genre, contemporary or traditional. The majority of songs chosen so far have been contemporary but I don't want to discourage traditional submissions at all if you feel they are still enjoyable today.

-Feel free to recommend songs that you have heard or know of from other countries! (Although these tend to be downvoted so PM these if you don't like downvotes!)

-Links are appreciated! (If you say ""Anything by *This Artist*"" please link to your favorite song by them)

***Examples of songs/genres I have added so far:***

[Germany - Modern Pop](https://www.youtube.com/watch?v=MYNLQjrBVPo)

[New Zealand - Reggae](https://www.youtube.com/watch?v=eCJg63SziL4)

[Norway - 80's SynthPop](https://www.youtube.com/watch?v=djV11Xbc914)

[Mexico - Classical](https://www.youtube.com/watch?v=gvEwYbWqeQg)

[Russia - Hip-Hop/Alternative](https://www.youtube.com/watch?v=06ATS_XC_CI)

[India - Traditional/Emotional](https://www.youtube.com/watch?v=jDn2bn7_YSM)

[Kenya - Pop](https://www.youtube.com/watch?v=lEJw64Zl28U)

[Argentina - Alternative/Rock](https://www.youtube.com/watch?v=gASdixLAqLM)

You can see there is a wide variety and I'm not looking for one specific thing, just a song that I enjoy! Thanks for your input in advance and enjoy the musical discussion!

---

***^(F.A.Q.)***

*^(-I've also had a lot of people ask if I will be posting this somewhere when it's done! Hopefully in /r/music and on Youtube/Spotify! It will take a while to finish as I'm only getting 4-5 countries done per day.)*

*^(-If you are curious about what songs I have picked for a certain country feel free to PM me! It's not a secret I just don't want to reveal them to everyone before I get to publish the playlist!)*

*^(-Current Progress: 133/201 Countries. ETA - 1-2 Months)*",,,,,,2015-07-07 22:58:48
3ckh1p,http://www.reddit.com/r/Tunisia/comments/3ckh1p/americans_traveling_to_tunisia/,2,Americans traveling to Tunisia,"Hello,

I am wondering the state of Tunisia right now following the recent attacks. Especially in regards to security and safety of Caucasian/Christian/Americans. 

A band I am in is supposed to play the brand new International Noise Festival in Hemmemet in August and we are now rethinking going.

Any thoughts on being in Tunisia for a big music event over a long weekend?

Any one heard of the festival or know any  details about the security there?

Thanks!",,,,,,2015-07-08 16:46:10
3crzhz,http://globalnews.ca/news/2102069/british-government-tells-uk-tourists-to-leave-tunisia-over-terror-risk/,5,British government tells UK tourists to leave Tunisia over terror risk,,,,,,,2015-07-10 08:13:50
3csy3g,http://www.jokpeme.com/2015/07/tunisian-government-has-authorised.html,1,Tunisian Government has authorised plans to build barrier to secure its border with Libya - Jokpeme News,,,,,,,2015-07-10 14:53:18
3cuahx,http://www.reddit.com/r/Tunisia/comments/3cuahx/my_thoughts_on_tunisia_attack_post_holiday/,3,My thoughts on Tunisia attack - Post Holiday,"To be honest i think this ban on all flights to Tunisia from the UK is bullcrap.

Here's my two cents in the video...",,,,,,2015-07-10 20:55:06
3cxbnb,http://www.state.gov/r/pa/prs/ps/2015/07/244811.htm,2,Designation of Tunisia as a Major Non-NATO Ally,,,,,,,2015-07-11 16:38:58
3d190n,http://www.reddit.com/r/Tunisia/comments/3d190n/sousse_hammamet_sightseeing/,3,Sousse + Hammamet sightseeing,"I will be visiting Hammemet and Sousse this summer. What are some must sees in those places? Nightlife, cultural, restaurants etc. Thanks!",,,,,,2015-07-12 18:08:18
3d5mw6,https://www.youtube.com/watch?v=VstPLSrkLKo,0,"WTF Tunisia, if you do this then you're on your own",,,,,,,2015-07-13 18:39:16
3d876k,http://www.timesofmalta.com/articles/view/20150714/world/Tunisia-says-almost-wipes-out-al-Qaeda-group-after-attacks.576581,0,Tunisia says almost wipes out al-Qaeda group after attacks,,,,,,,2015-07-14 07:11:20
3dczpu,http://www.brecorder.com/business-a-economy/189/1208030/,1,UK wants to review Tunisia travel warning,,,,,,,2015-07-15 08:31:00
3di1af,http://www.reddit.com/r/Tunisia/comments/3di1af/avantage_ontario/,1,Avantage Ontario,,,,,,,2015-07-16 13:04:51
3dlm9o,http://enewspf.com/latest-news/latest-national/latest-national-news/62916-u-s-state-dept-updates-tunisia-travel-alert-july-16-2015.html,1,"U.S. State Dept. Updates Tunisia Travel Alert, July 16, 2015",,,,,,,2015-07-17 07:06:03
3dqo85,https://www.middleeastmonitor.com/news/africa/19907-tunisia-digs-trench-along-libya-border-to-stop-infiltration,7,Tunisia digs trench along Libya border to stop infiltration,,,,,,,2015-07-18 14:57:08
3dxd2t,http://www.albawaba.com/news/tunisian-politicians-visit-british-families-beach-attack-victims-721020,3,Tunisian politicians to visit British families of beach attack victims,,,,,,,2015-07-20 09:02:45
3dy04v,http://www.prixtunisie.tn,1,Prix tunisie,,,,,,,2015-07-20 13:36:54
3dy3tc,http://www.reddit.com/r/Tunisia/comments/3dy3tc/help_most_inexpensive_way_to_get_my_mother_to/,3,HELP: Most inexpensive way to get my mother to Tunisia?,"My mother, a native Tunisian, is over 60 and has not been to Tunisia in over 20 years and has been praying every night to return. She desperately wants to see her mother before she passes away. 

My mom has worked two jobs in fast food and raised me and my siblings to adulthood by herself. Life has been very unkind to her, but she still perseveres for the well being of my family.  

I'm not sure where to look for good deals on flight tickets, but I checked Expedia and saw tickets for 1500-2000 for just her, which is way out of our measly budget. Are the any options for making my mother's dream a reality?",,,,,,2015-07-20 14:08:11
3eai80,http://nation.com.pk/international/23-Jul-2015/tunisia-lawmakers-debate-new-anti-terror-bill,3,Tunisia lawmakers debate new anti-terror bill,,,,,,,2015-07-23 05:40:40
3eccdk,http://www.lemonde.fr/afrique/article/2015/07/23/en-tunisie-les-failles-de-la-securite-relevent-d-un-dysfonctionnement-structurel-de-la-police_4695763_3212.html,2,"Â« En Tunisie, les failles de la sÃ©curitÃ© relÃ¨vent dâ€™un dysfonctionnement structurel de la police Â»",,,,,,,2015-07-23 17:01:36
3ejkfy,https://www.youtube.com/watch?v=Rn3BOyYj7Fk,2,"Cycling Tour - Sousse, Tunisia",,,,,,,2015-07-25 08:39:49
3ek0rm,https://www.youtube.com/watch?v=OPMVbIwYFiY,3,"SportsCam Tour: Sousse, Tunisia - Ramadhan 1436/2015",,,,,,,2015-07-25 12:58:18
3er3yd,http://www.dw.com/en/in-tunisia-many-young-people-heed-the-call-of-is-and-al-qaeda/a-18608615,2,"In Tunisia, many young people heed the call of â€²ISâ€² and al Qaeda",,,,,,,2015-07-27 09:10:28
3f03ya,http://allafrica.com/stories/201507282062.html,1,"Diplomacy, Tunisia's First Line of Defence, Security and Sovereignty",,,,,,,2015-07-29 07:29:24
3f0kt0,http://www.espacemanager.com/un-tunisien-ancien-membre-de-daesh-ils-nont-rien-voir-avec-lislam.html,3,"Un Tunisien, ancien membre de Daesh: ""Ils nâ€™ont rien Ã  voir avec lâ€™Islam""",,,,,,,2015-07-29 11:14:18
3f5gh4,http://www.realites.com.tn/2015/07/tunis-capitale-universitaire-africaine/,3,Tunis capitale universitaire africaine?,,,,,,,2015-07-30 12:05:59
3f5gv4,http://www.lefigaro.fr/flash-actu/2015/06/27/97001-20150627FILWWW00133-tunisie-fermeture-de-80-mosquees-salafistes.php,2,Tunisie: fermeture de 80 mosquÃ©es salafistes,,,,,,,2015-07-30 12:09:41
3f66nz,https://www.leetchi.com/c/coeur-de-mohamed-aziz,1,[Appel au don]Coeur de Mohamed Aziz,,,,,,,2015-07-30 15:39:08
3f9ucu,https://www.youtube.com/watch?v=9nSnji2nniU,4,Syphax Airlines Safety video,,,,,,,2015-07-31 10:06:04
3fj0j9,http://www.reddit.com/r/Tunisia/comments/3fj0j9/how_safe_it_is_for_a_foreigner_to_travel_by_taxi/,2,How safe it is for a foreigner to travel by taxi in the Tunis area?,"Long short story, I'll have to take a taxi to go from MÃ©grine to le Lac 2. Being a foreigner and having my arabic rusty, I'd like to know if there's anything to know. Thank you guys.
",,,,,,2015-08-02 17:51:46
3fm5wp,http://imgur.com/Fpup5kS,7,Your identity is safe with us. (x-post from r/funny) Tunisian TV at its best!,,,,,,,2015-08-03 13:04:17
3fqh61,http://idubaivisa.bcz.com/plan-your-upcoming-holidays-in-dubai/,1,Plan Your Upcoming Holidays In Dubai,,,,,,,2015-08-04 11:20:53
3g08yx,https://www.youtube.com/watch?v=9caFZGrhRjU,1,"Cycling Adventure - Sousse/Monastir, Tunisia",,,,,,,2015-08-06 14:18:49
3g35dw,http://www.reddit.com/r/Tunisia/comments/3g35dw/how_is_french_fluency_among_tunisians/,0,How is French fluency among Tunisians?,"I read that French is taught in schools, but it's not a recognized language. How is French fluency among Tunisians? Do they just learn it in school but can't really speak it, or can a large portion of the population speak French even though it's not an official language?",,,,,,2015-08-07 03:14:32
3g83hf,http://www.reddit.com/r/Tunisia/comments/3g83hf/has_the_revolution_changed_anything/,2,Has the revolution changed anything?,"Hi Tunisians, I am a fellow redditor who lives in Philippines, I was wondering how you guys feel about the situation in Tunisia after the revolution. Has the country changed? Do you personally feel the change? Have social attitudes changed at least to certain things? Where would you like your country to head? ",,,,,,2015-08-08 07:57:07
3gd00f,http://www.reddit.com/r/Tunisia/comments/3gd00f/international_credit_cards/,1,International Credit Cards,"Is it possible to obtain an international credit card in tunisia without the bacaloria degree?

I'm a new developer. I made an android app and I want to market it, but I don't see how without the credit card.",,,,,,2015-08-09 16:14:32
3h1rvw,http://www.reddit.com/r/Tunisia/comments/3h1rvw/can_an_unmarried_adult_woman_21_travel_without/,0,can an unmarried adult woman (+21) travel without parent permission ?,"I have a friend with a bit of complicated case (divorced parent) she live with her mother, she want to travel for a week or so anywhere in the world (far from the ""terror"" area). 

Does she have to do anything special compared to what a man should do ? 

Thank you",,,,,,2015-08-15 01:23:30
3i2s6g,https://www.youtube.com/attribution_link?a=ctzUnvffErg&amp;u=%2Fwatch%3Fv%3DyQTBvwOeog4%26feature%3Dshare,0,Klay BBJ Ekram El Mayet - Ø¥ÙƒØ±Ø§Ù… Ø§Ù„Ù…ÙŠØª + lyrics,,,,,,,2015-08-23 13:19:32
3il51p,https://www.reddit.com/r/Tunisia/comments/3il51p/what_happened_in_that_spy_network_case/,1,What happened in that spy network case?,,,,,,,2015-08-27 11:34:15
3imgvn,https://www.reddit.com/r/Tunisia/comments/3imgvn/what_are_your_favourite_tunisian_media/,1,What are your favourite Tunisian media?,"Hello /r/Tunisia

I am very interested in Tunisian Arabic and culture, so I wanted to know what it is that Tunisians like in terms of media.

Who are your favourite singers and youtubers from Tunisia? What are the best TV shows and movies? What are some popular websites among Tunisians? I am especially interested in what young people like, like from late teens to twenties. Any content in Dialect, Fusha or French is gladly accepted.

Seeing the stuff that goes on in your country would be really awesome.

Choukran bercha!

",,,,,,2015-08-27 17:43:07
3ivt2e,https://ychaouche.makes.org/popcorn/378n,3,"Bolice, S01E01, hotel scene, from an algerian fan :)",,,,,,,2015-08-29 20:41:55
3izua7,http://ytcropper.com/cropped/Oh55e36948ba202,1,Follow me,,,,,,,2015-08-30 20:39:52
3j7o1r,https://www.reddit.com/r/Tunisia/comments/3j7o1r/masta_samta/,1,Masta = Samta ?,"I was watching an episode of Bolice a couple minutes ago and they kept repeating this word ""masta masta"", I was wondering is that a tunisian word and what does it mean ? 

source : http://ytcropper.com/cropped/wA55e5992dab503",,,,,,2015-09-01 12:29:00
3j7wqs,https://www.youtube.com/watch?v=003LIHbi-7Y,1,Aventure et RandonnÃ©e en Tunisie Adventure and Hiking in Tunisia,,,,,,,2015-09-01 13:51:08
3japgl,https://www.reddit.com/r/Tunisia/comments/3japgl/utilite_de_francais/,2,utilite de francais,"On m'a offert un emploi Ã  Sousse, Tunisie . Je me demande comment utile franÃ§aise sera . Est-il couramment parlÃ© ? Le franÃ§ais est ma langue seconde et je suis assez Ã  l'aise avec elle . Je prÃ©fÃ¨re parler franÃ§ais plutÃ´t que d'apprendre une troisiÃ¨me langue , il est seulement un travail de neuf mois .
",,,,,,2015-09-02 01:27:13
3juout,http://kapitalis.com/tunisie/2015/09/03/djerba-un-policier-voleur-se-fait-filmer-par-ses-victimes-video/,2,Kapitalis Djerba : Un policier Â«voleurÂ» se fait filmer par ses victimes (VidÃ©o),,,,,,,2015-09-06 12:53:16
3khio2,https://www.reddit.com/r/india/comments/3k28qe/india_ranks_lower_than_mongolia_and_tunisia_in/,2,Repost from r/India: India ranks lower than Mongolia and Tunisia in helping small businesses,,,,,,,2015-09-11 01:37:57
3kiu1p,https://www.reddit.com/r/Tunisia/comments/3kiu1p/reminder_avenue_habib_bourguiba_a_main_downtown/,1,"Reminder: Avenue Habib Bourguiba, a main downtown artery, will be closed until Monday, September 14 for security reasons. - Be careful out there Redditors!","I got a warning from the US Embassy as there are apparently some reasonable threats.  They usually don't send these out unless there is a good reason to.  I know there is probably all of 1 American here (Me) but it has some good advice.  I will copy/paste the important parts of the text below:

The Embassy of the United States in Tunis alerts U.S. citizens traveling or residing in Tunisia to the publicly reported closure of Avenue Habib Bourguiba, a main downtown artery, until Monday, September 14 for security reasons.  The Ministry of the Interior has also announced a ban on all demonstrations for security reasons, citing threats against â€˜sensitive sitesâ€™.  The Department of State has further been apprised of information that, out of an abundance of caution indicates we should institute precautionary steps.  As a result, the Embassy will not offer public services on Friday, September 11; other Embassy business will continue as scheduled.  The Embassy will continue to provide emergency American citizen services as needed and resume public operations on Monday, September 14.

U.S. citizens are reminded to exercise caution and avoid areas where large gatherings may occur.  Even demonstrations or events intended to be peaceful can turn confrontational and possibly escalate into violence.  U.S. citizens should monitor local events, report suspicious activity to the local police, and take appropriate steps to bolster their own security. The U.S. Embassy reiterates our standing guidance that U.S. citizens in Tunisia should exercise caution when frequenting public venues that are visited by large numbers of foreigners, such as hotels, shopping centers, and tourist sites and restaurants.  U.S. citizens should also be alert to the possibility of kidnapping. 

Travelers contemplating trips to the interior of the country should assess local conditions and routes when making travel plans.  In particular, all travel south of the designated military zone in the south must be coordinated in advance with Tunisian authorities.  Also, travel to either border should be avoided if possible given the periodic security incidents along the border regions.

",,,,,,2015-09-11 09:35:57
3kpe0c,https://www.reddit.com/r/Tunisia/comments/3kpe0c/ahla_beek_ahkilna_3la_rouhek/,4,"Ahla beek, ahkilna 3la rouhek.","Don't be just a lurker on r/tunisia, tells us more about the tounssi behind the screen. ",,,,,,2015-09-12 20:41:11
3l0735,http://filthylittlesecrets.com/malek-chaieb-sheyla-oliver-tunisia-adultere-criminelle-chantage/,1,"Malek Chaieb, Sheyla Oliver Tunisia - adultÃ¨re, criminelle, chantage",,,,,,,2015-09-15 04:51:25
3lns8f,https://www.reddit.com/r/Tunisia/comments/3lns8f/ayo_tunisians/,3,Ayo tunisians.,[deleted],,,,,,2015-09-20 09:36:00
3lsmlg,http://www.jawharafm.net/ar/article/%D9%84%D8%A7%D8%B9%D8%A8%D9%88-%D8%A7%D9%84%D9%86%D8%AC%D9%85-%D8%A7%D9%84%D8%B3%D8%A7%D8%AD%D9%84%D9%8A-%D9%8A%D9%87%D8%AF%D9%88%D9%86-%D9%88%D8%B1%D9%88%D8%AF%D8%A7-%D9%84%D8%A3%D8%B9%D9%88%D8%A7%D9%86-%D8%A7%D9%84%D8%A3%D9%85%D9%86/96/37938,2,Ù„Ø§Ø¹Ø¨Ùˆ Ø§Ù„Ù†Ø¬Ù… Ø§Ù„Ø³Ø§Ø­Ù„ÙŠ ÙŠÙ‡Ø¯ÙˆÙ† ÙˆØ±ÙˆØ¯Ø§ Ù„Ø£Ø¹ÙˆØ§Ù† Ø§Ù„Ø£Ù…Ù†,,,,,,,2015-09-21 11:54:31
3lwuq5,https://reddit.com/r/filmsFR,2,belle page/liste reddit de films FranÃ§ais et Francophones - films complets uniquement,,,,,,,2015-09-22 07:59:54
3m735a,https://www.reddit.com/r/Tunisia/comments/3m735a/orgies_and_sex_parties/,2,Orgies and sex parties.,[removed],,,,,,2015-09-24 13:28:24
3m9hc5,http://prestigeimmo-tunisie.com/,0,Nouvel site d'annonces Prestigeimmo Tunisie,,,,,,,2015-09-24 23:17:44
3mkuyh,https://www.reddit.com/r/Tunisia/comments/3mkuyh/pick_up_basketball_in_tunis/,2,Pick Up Basketball in Tunis?,"I'm new to Tunis and would love to find a pick up basketball game. Anyone know any (semi) regular games that would accept a 6'8"" english speaking center?",,,,,,2015-09-27 14:24:56
3mpnm2,http://paper-bird.net/2015/09/28/anusbook-forensic-exams-tunisia/,1,Anusbook. Be connected. Be discovered.,,,,,,,2015-09-28 15:51:50
3msf63,https://www.reddit.com/r/Tunisia/comments/3msf63/looking_for_links_to_videos_of_staterun/,1,Looking for links to videos of state-run television BEFORE the revolution,"Hi Tunisians! 

I am a Tunisian-American playwright, and I am writing a play about a fictional state-run news station in Tunisia before the Arab Spring and during the 2011 protests. For research purposes, I am looking for online videos of news broadcasts from 2011 and earlier. If you have any thoughts on the television before and after the revolution, I would love to hear your thoughts. What did you think of the state-run news channels? Did you watch them? What did the news channels say about the protests when they were happening?

Thank you! ",,,,,,2015-09-29 03:26:39
3myhq0,https://www.reddit.com/r/Tunisia/comments/3myhq0/looking_for_a_new_apartment_could_use_some_help/,3,"Looking for a new apartment, could use some help!","So /u/Enti_San and myself are looking to move and so far not had much luck on finding a place to live.

I've looked on announce-tunisie but It's either vacation rentals, already furnished and not willing to rent unfurnished, or very high for what they're offering.

We're looking for ~100m, S+2, 1st or 2nd floor is okay, if higher, would need an elevator.  Looking for something near Jeanne d'Arc.  Either in Jeanne d'Arc or in El Halfaouine, Franceville, or Cite Mahrajene.  

Need unfurnished as we have our own furnishings.

Charguia or Cite El Kahdra areas would be okay too I guess.  Just something close to Jeanne d'Arc or somewhere close to N8/N9/A1 that would make for a fast commute into Jeanne d'Arc.",,,,,,2015-09-30 12:25:35
3myyw8,http://logs.Omegle.com/daad6bd,1,je veux des amis,,,,,,,2015-09-30 14:38:23
3mzo3w,https://www.reddit.com/r/Tunisia/comments/3mzo3w/law_why_your_kid_name_must_be_an_arab_name/,1,[law] Why your kid name must be an arab name ?,"first of all, is it true ? 

i've been told that the law doesn't allow to give your kid a foreign name (western, asian, etc..) is it true or it's just one of the many stupid habits we have here ? 


Also, why the f*** Berbers (Amazigh) names are considered foreign names o_O ?? 

Thanks",,,,,,2015-09-30 17:23:22
3n47hk,https://www.reddit.com/r/Tunisia/comments/3n47hk/american_thinking_about_excepting_a_position_in/,1,American thinking about excepting a position in Bizerte.,[deleted],,,,,,2015-10-01 16:06:47
3n49fx,https://www.reddit.com/r/Tunisia/comments/3n49fx/american_thinking_about_accepting_a_job_in_bizerte/,2,American thinking about accepting a job in Bizerte,[deleted],,,,,,2015-10-01 16:19:45
3n9lwi,http://sfd.tn/2015/inscription/,2,DÃ©jÃ  plus de 230 inscriptions pour assister au â€ª#â€SFD2015TNâ€¬. Vous pouvez encore nous rejoindre http://sfd.tn/2015/inscription/,,,,,,,2015-10-02 20:09:14
3nkkiy,http://lapresse.tn/article/loi-interdisant-les-cours-particuliers-les-parents-risquent-aussi-des-sanctions/94/6035,2,Une bonne nouvelle pour notre systÃ¨me scolaire ?,,,,,,,2015-10-05 13:08:51
3nv0rl,http://www.nafassi.com/,1,"Free classified Ads in all Africa, Easy to use, Mobile Friendly (The Alibaba.com of Africa)",,,,,,,2015-10-07 17:03:07
3o2wa4,http://www.theguardian.com/world/live/2015/oct/09/nobel-peace-prize-2015-awarded-angela-merkel-pope-francis-john-kerry-live-updates,21,Nobel peace prize 2015 has been awarded to the Tunisian National Dialogue Quartet.,,,,,,,2015-10-09 09:04:27
3ohkbc,https://web.archive.org/save/http://www.bbc.com/news/world-africa-34491553,6,How Tunisia is keeping Arab Spring ideals alive,[deleted],,,,,,2015-10-12 19:14:55
3ok3rm,http://www.france24.com/en/20151012-tunisia-soldiers-killed-clashes-jihadists,2,Two Tunisian soldiers killed in clashes with jihadists near Algerian border,,,,,,,2015-10-13 07:16:04
3ok8a8,https://www.reddit.com/r/Tunisia/comments/3ok8a8/looking_for_advice_getting_in_touch_with_the/,3,Looking for advice- getting in touch with the right group of people,"Greetings and salutations.

I`m looking to reach out to people that are interested in pursuing a degree in Romania.(I am romanian) You see, statistics show that a large part of the foreign students we get here are from Tunisia.

Well, I had the experience of studying abroad and it was just a huge ,chaotic mess without any sort of guidance.And I had the advantage of knowing the local language.

 What I want to do is be a guide for everything that a person wanting to come here would want or need- for a small fee.

My question would be : could you give me some advice as to where I could post such an ad ? Some major newspaper/ ad website or anything similar is what I am looking for.
Thank you !",,,,,,2015-10-13 08:12:52
3ox0kq,http://segmalog.com/blog/paiement-ligne-tunisie/,1,Paiement en ligne Tunisie - Accepter les cartes bancaires,,,,,,,2015-10-15 22:36:05
3plu2z,https://reddit.com/r/francophonie,3,"Francophonia is on reddit (french lessons, news, global media, digital libraries, ""ask""...) - la Francophonie est sur reddit",[deleted],,,,,,2015-10-21 07:37:11
3pvt1x,http://nawaat.org/portail/2015/10/22/software-freedom-day-la-tunisie-fete-les-logiciels-libres/,3,Software Freedom Day : La Tunisie fÃªte les logiciels libres,,,,,,,2015-10-23 08:23:39
3pz2hk,https://www.reddit.com/r/Tunisia/comments/3pz2hk/law_expert_only_a_degree_can_define_your/,2,[law expert] Only a degree can define your profession in your national ID card ?,"Hi, 

I am a 22 years old [programmer and game designer](http://alaslipknot.tumblr.com/) who dropout of college due to [bad education quality](https://www.reddit.com/r/needadvice/comments/2ljaep/my_college_education_quality_is_too_bad_should_i/). 

Anyway,
i've been working as a Freelancer for the past couple of years, i have a static minimum income of $1500/month and now am working on my own game that will be published soon with the help of a western publisher. 

My question is, Is my ID card will always have the profession of ""Student"" ? or will i be defined as ""day worker""  ?? 

Is there anything a citizen could do to prove his profession without having a degree ?

Thank you",,,,,,2015-10-24 00:12:04
3q2pou,http://segmalog.com/blog/e-commerce-fiche-produit/,0,E-commerce - Les fonctionnalitÃ©s indispensables dâ€™une fiche produit efficace,,,,,,,2015-10-24 21:08:11
3rtx1m,http://www.riyadhvision.com.sa/2015/11/06/tunisian-lawmakers-suspend-membership-in-ruling-party-threatening-split/,1,"Tunisian lawmakers suspend membership in ruling party, threatening split",,,,,,,2015-11-07 00:11:03
3ru1pe,http://www.riyadhvision.com.sa/2015/11/06/power-struggle-threatens-top-tunisia-party-with-collapse/,1,Power struggle threatens top Tunisia party with collapse,,,,,,,2015-11-07 00:45:35
3s5942,https://www.reddit.com/r/Tunisia/comments/3s5942/does_your_biat_credit_card_work_online_with_local/,2,does your BIAT credit card work online with local payment services ??,"Hi, 

I've been having this issue since last year, every time i try to use my credit card (BIAT) either in Tunisian payment websites (TunisineTelecome, orange,  sobflous.tn) or in a local shop that accept credit card for payment, i always get the same ""error"" : 

&gt; Insufficient credit or limit reached

&gt; (CrÃ©dit insuffisant ou limite atteint) 


Which is not true, i have enough money in my bank account to do the ""wanted-task"" and i rarely use my credit card with the ATM. 

Can anyone explain this please ?? 


Also, do you recommend another Bank ?  
I've been a BIAT customer for 2 years now and am a bit disappointed, specially when it comes to online services (i receive all my payments internationally and every time that happened i have to go to the bank and ""manually"" check if the transfers has been successfully received or not, which is ridiculous! )

anyway,

Thanks for your time and have a good day. ",,,,,,2015-11-09 15:58:14
3scq0v,https://www.reddit.com/r/Tunisia/comments/3scq0v/has_there_been_any_reform_to_the_government_since/,2,Has there been any reform to the government since the ousting of Ex-President Ben ali?,,,,,,,2015-11-11 01:38:11
3sl6l6,https://www.reddit.com/r/Tunisia/comments/3sl6l6/anyone_interested_in_getting_a_tabletop_group/,3,Anyone interested in getting a tabletop group together for games?,"I'm wanting to get a group of people together on a regular basis just to meet up for cards (Uno, whatever) or some board games (ticket to ride, monopoly, others to be determined) or some table top action like Dungeons &amp; Dragons type stuff.

I think I made a post like this before but we only had about 250 people here at the time.  So, anyone interested in it?",,,,,,2015-11-12 22:16:47
3sueyc,http://tunisia-tn.com/presidents-essebsi-and-hollande-meet-after-paris-attacks/,1,Presidents Essebsi and Hollande Meet After Paris Attacks,,,,,,,2015-11-15 00:56:21
3sw42s,https://www.reddit.com/r/Tunisia/comments/3sw42s/how_safe_is_tunis_for_a_tourist_to_visit_at_the/,2,How safe is Tunis for a tourist to visit at the moment?,[deleted],,,,,,2015-11-15 12:42:18
3teyap,https://www.reddit.com/r/Tunisia/comments/3teyap/most_exclusive_suburbs_in_tunis/,2,Most exclusive suburbs in Tunis,"Hello, I am doing some research on the most expensive suburbs in African cities and I would love to know which suburbs feature in that category in Tunis. In terms of setup and housing price as well as the history of the suburb and what makes it tick. Any help will be appreciated.",,,,,,2015-11-19 09:52:48
3tgshb,http://www.riyadhvision.com.sa/2015/11/18/tunisia-says-it-prevented-major-islamist-attack-this-month/,1,Tunisia says it prevented major Islamist attack this month,,,,,,,2015-11-19 18:47:22
3tx3ap,http://en.alalam.ir/news/1762407#sthash.JxXimMFe.sfju,1,Jund Al-Khilafa in Tunisia Claims Beheading of Teen Shepherd,,,,,,,2015-11-23 08:05:16
3u3hnm,"http://www.businessnews.com.tn/tunis-explosion-dun-bus-de-la-garde-presidentielle,520,60530,3",9,Bus explosion in Tunis,,,,,,,2015-11-24 16:51:43
3u67c7,https://www.reddit.com/r/Tunisia/comments/3u67c7/so_im_flying_to_tunisia_in_a_weekany_tips_or/,2,So i'm flying to Tunisia in a week...Any tips or advice?,"Also, should I be worried about the recent events?",,,,,,2015-11-25 04:06:27
3uao5m,https://www.reddit.com/r/Tunisia/comments/3uao5m/questions_about_dsl_and_prices/,2,Questions about DSL and prices,"So i'm looking to get DSL soon and found out that no matter who i go with (Orange, ooredoo, etc) that I still have to pay TT.  How much are the fees?

I saw that ooredoo has a deal right now 12MEGA for 109,500 every 6 months.  How much would I have to pay per month to TT?  Can a foreigner get service?  Who has the best customer service?  Should i go with TT?  ooredoo?  orange?  topnet? Soooo many options and confusion.",,,,,,2015-11-26 02:21:16
3ucyaj,http://www.makefootball.com/%D8%A7%D8%B9%D9%84%D8%A7%D9%86-%D8%AC%D9%85%D8%A7%D8%B9%D8%A9-%D8%A7%D9%84%D8%AF%D9%88%D9%84%D8%A9-%D8%A7%D9%84%D8%A7%D8%B3%D9%84%D8%A7%D9%85%D9%8A%D8%A9-%D9%85%D8%B3%D8%A4%D9%84%D9%8A%D8%AA%D9%87/,1,Ø§Ø¹Ù„Ø§Ù† Ø¬Ù…Ø§Ø¹Ø© Ø§Ù„Ø¯ÙˆÙ„Ø© Ø§Ù„Ø§Ø³Ù„Ø§Ù…ÙŠØ© Ù…Ø³Ø¤Ù„ÙŠØªÙ‡Ø§ Ø¹Ù† ØªÙØ¬ÙŠØ±Ø§Øª ØªÙˆÙ†Ø³ - Ù…ÙŠÙƒ ÙÙˆØªØ¨ÙˆÙ„,,,,,,,2015-11-26 16:04:59
3udxkk,https://www.amnesty.org/en/latest/news/2015/11/tunisia-rapists-given-a-way-out-while-their-victims-are-blamed-and-punished/,1,Rapists given a way out while their victims are blamed and punished,,,,,,,2015-11-26 20:24:05
3ue4ly,https://www.nsfwcorp.com/dispatch/stranger-stranger/,0,The Stranger Stranger [2013 article],,,,,,,2015-11-26 21:19:20
3uej3d,https://www.youtube.com/watch?v=Nsu7g7APmck,3,Victimes des Attentat du 24 novembre2015 (video),,,,,,,2015-11-26 23:23:44
3uwkau,https://www.youtube.com/attribution_link?a=59CZP68jn40&amp;u=%2Fwatch%3Fv%3D0QuFYCPyAkk%26feature%3Dshare,1,Dlilek Mlak 30-11-2015 Ø¯Ù„ÙŠÙ„Ùƒ Ù…Ù„Ùƒ â–º Partie 01,,,,,,,2015-11-30 21:08:25
3va8fz,https://www.reddit.com/r/Tunisia/comments/3va8fz/tunisia_is_the_guest_of_honour_on_the_brussels/,7,Tunisia is the guest of honour on the Brussels Christmas Market,"The Belgian capital Brussels has a Christmas Market (though the city uses the religiously neutral name 'Plaisirs d'hiver) in december every year. It is a custom here to choose a guest of honour (a country or a region) to promote it among Belgians. Last year it was Quebec and before it was Mongolia I think. Efin, this year it is Tunisia. This means that a part of the market is reserved for stands with food and products of the country.
Normally the Christmas Market is well visited, but this year most tourists have cancelled their trips to Brussels because of a higher terrorist thread, so sadly it is very quiet.

[The explenation of the city council for the choice](http://visitbrussels.be/bitc/BE_en/minisite_winterwonders/guest-of-honour.do)

[Some of my photo's](http://imgur.com/a/lOa4V)",,,,,,2015-12-03 14:36:29
3vgglu,http://kapitalis.com/tunisie/2015/12/04/4g-100-tunisiens-testent-le-reseau-dorange-tunisie/,5,Orange Tn is testing LTE Advanced for commercial lanuch in early 2016,,,,,,,2015-12-04 20:12:48
3vhlwh,https://www.youtube.com/attribution_link?a=gVXX5r0lNZg&amp;u=%2Fwatch%3Fv%3DbjYRbMhgH4o%26feature%3Dshare,1,ØªÙˆÙ‚Ø¹Ø§Øª 2016/Ù…Ø¹ Ø¬ÙˆÙ‰ Ø¹ÙŠØ§Ø¯_Ù„Ø¨Ø±Ø¬ Ø§Ù„Ø¬Ø¯Ù‰#ÙƒØ§Ù…Ù„Ù‡,,,,,,,2015-12-05 01:13:58
3vjdyn,https://www.reddit.com/r/Tunisia/comments/3vjdyn/where_can_i_find_volunteer_opportunities_in_tunis/,3,Where can I find volunteer opportunities in Tunis?,"I just moved to Tunis a couple of months ago and I want to take part in volunteer activities, preferably within an organization. I was thinking about the red crescent, not sure how to contact them or where to go to sign in though. 
Any other suggestions? Thank you!",,,,,,2015-12-05 13:28:32
3vrsfe,https://www.reddit.com/r/Tunisia/comments/3vrsfe/lorganisation_internationale_de_la_francophonie/,2,"L'Organisation Internationale de la Francophonie (OIF), Tunisie","Avec 80 pays membres ou observateurs, 20% des Ã©changes commerciaux mondiaux, 1 milliard de citoyens et 400 millions de Francophones Ã  travers le monde, l'OIF est une des plus grandes organisations de ce type.

Elle est lÃ  pour rÃ©unir tous les francophones de la planÃ¨te et donner accÃ¨s aux mÃ©dias internationaux, aux bibliothÃ¨ques, cours de FranÃ§ais, derniÃ¨res nouvelles, projets politiques, Ã©conomiques, sportifs, scientifiques et culturels de la francophonie etc.

La r/Francophonie est aussi sur reddit, c'est notre espace commun. Alors venez profiter des nombreuses ressources qu'offre la Francophonie et exprimez-vous en FranÃ§ais, sur la toile et Ã  travers le monde.

A bientÃ´t sur r/Francophonie.
",,,,,,2015-12-07 09:11:16
3w08o9,https://blog.wikimedia.org/2015/12/08/tunis-future-generations/,6,Documenting Tunis for future generations,,,,,,,2015-12-09 00:33:42
3wlhez,http://tunisia-tn.com/tunisia-new-counter-terrorism-strategy-and-public-awareness-campaign/,1,Tunisia's New counter terrorism campaign comes complete with a spooky video,,,,,,,2015-12-13 02:27:08
3wn30j,https://www.reddit.com/r/Tunisia/comments/3wn30j/when_are_we_making_a_tunisian_redditors_meeting/,4,when are we making a tunisian redditors meeting ?,,,,,,,2015-12-13 12:17:25
3x112z,https://www.reddit.com/r/Tunisia/comments/3x112z/how_many_of_you_smoke_shisha/,2,How many of you smoke shisha?,"As someone from the US we don't really have shisha (or as we call them, hookah) places.  However, it's impossible to not find a place that has it here.  I've gotten to where I'm a pretty regular smoker (at least once a month) and thoroughly enjoy going out for some tea and shisha and relaxing.

I've talked about wanting to get some people together but how many of you would be open to getting together and smoking shisha at a cafe and talking, playing card games (like UNO and regular cards)?

As this is easier to plan this could be done on a more regular basis.",,,,,,2015-12-16 02:46:33
3xd31y,https://conflictcauses.wordpress.com/2015/11/12/tunisia-top-down-consolidation-top-down-fracture/,2,Check out this article on current affairs in Tunisia:,,,,,,,2015-12-18 16:56:38
3xglfj,http://i.imgur.com/CR4u1wb.jpg,5,can you guess what doesn't belong in this picture?,,,,,,,2015-12-19 12:48:29
3xi8p2,https://www.reddit.com/r/Tunisia/comments/3xi8p2/supplemental_holiday_security_guidance_tunisia/,1,Supplemental Holiday Security Guidance â€“ Tunisia Mall,"Pursuant to the recent Security Message for U.S. Citizens in Tunisia that was published on Thursday, December 17, 2015 we wish to advise you that a report of unknown credibility indicates the possibility of a terrorist attack at the Tunisia Mall in Berges du Lac on Sunday, December 20, 2015.  We advise you to avoid the area.",,,,,,2015-12-19 21:17:47
3xma59,http://i.imgur.com/1mjoEZul.jpg,3,"What kind of fruit is that on the top, and what is its purpose?",,,,,,,2015-12-20 20:58:17
3yc0cd,https://www.reddit.com/r/Tunisia/comments/3yc0cd/new_year_new_you_what_are_your_new_year/,4,New Year - New You! What are your new year resolutions?,"So each year we make resolutions.  What are yours?

Some of mine:

* Make some new friends.  I've not met a lot of people here but I want to make some new friends.

* Learn French to a fluent conversational level by April 2016

* Lose 100 more pounds and hopefully before summer, if not, then just in the year.",,,,,,2015-12-26 22:45:07
3yge6e,http://www.hanem.tn/viewtopic.php?f=8&amp;t=148,1,Ù…Ù†Ø·Ù‚Ù‡ Ø³ÙŠØ¯ÙŠ Ø¨ÙˆØ³Ø¹ÙŠØ¯ ØªÙˆÙ†Ø³,,,,,,,2015-12-27 23:50:13
3ygfi8,http://www.hanem.tn/viewtopic.php?f=8&amp;t=149,3,Ù…Ø¯ÙŠÙ†Ù‡ Ø§Ù„Ø¬Ù… ØªÙˆÙ†Ø³,,,,,,,2015-12-28 00:00:42
3yggw3,http://www.hanem.tn/viewtopic.php?f=8&amp;t=116,5,Ù…Ø¯ÙŠÙ†Ù‡ Ø§Ù„Ù‚ÙŠØ±ÙˆØ§Ù† Ø¨ØªÙˆÙ†Ø³,,,,,,,2015-12-28 00:11:13
3ygi7f,http://www.hanem.tn/viewtopic.php?f=8&amp;t=115,2,Ù…Ø¯ÙŠÙ†Ù‡ Ø§Ù„Ø­Ù…Ø§Ù…Ø§Øª Ø§Ù„ØªÙˆÙ†Ø³ÙŠØ©,,,,,,,2015-12-28 00:21:14
3yiqc1,http://www.hanem.tn/viewtopic.php?f=7&amp;t=151,1,Ù…ÙƒØ±ÙˆÙ†Ù‡ Ø¨Ø§Ù„Ø­ÙˆØª Ø§ÙƒÙ„Ù‡ ØªÙˆÙ†Ø³ÙŠÙ‡,,,,,,,2015-12-28 13:15:32
3yitwu,http://www.hanem.tn/viewtopic.php?f=7&amp;t=153&amp;p=163#p163,1,Ø§Ù„Ø¯ÙˆÙ„Ù…Ø§ Ø§ÙƒÙ„Ù‡ ØªÙˆÙ†Ø³ÙŠÙ‡,,,,,,,2015-12-28 13:49:18
3yiw99,http://www.hanem.tn/viewtopic.php?f=7&amp;t=154&amp;p=164#p164,1,Ø§Ù„Ø¨Ø±ÙˆÙƒÙ„Ùˆ Ø§ÙƒÙ„Ù‡ ØªÙˆÙ†Ø³ÙŠÙ‡,,,,,,,2015-12-28 14:11:28
3ykhyh,http://dcebrief.com/tunisia-becomes-first-nation-to-put-nations-currency-on-a-blockchain/,12,Tunisia Becomes First Nation To Put Nationâ€™s Currency on a Blockchain,,,,,,,2015-12-28 21:10:12
3ytgyn,http://www.bbc.co.uk/monitoring/the-resurgent-deep-state-in-north-africa,3,Podcast: The resurgent 'deep state' in North Africa,,,,,,,2015-12-30 19:24:58
3ywrwt,http://www.publicitetunisie.com/,1,Un nouveau moyen pour faire la publicitÃ© en Tunisie,,,,,,,2015-12-31 13:37:16
